10_,1b1ceb79-c21c-3535-b39a-f23b88af0393
1234,21f46faa-a97e-3482-ba4c-824963b1b2fc
___,3aa10d45-6372-352e-b9af-2eba497ed912
____,623ec6ac-d56e-3c6f-b05a-671288517d3a
_dream_,a2460064-4bd6-38cc-b139-5991a7564c5e
_mending_,ff4741c9-6537-3712-8235-d139cebc95bd
_vs_,38cfde27-0318-3e80-a181-4b3563d56199
a__,e7c24215-dfa4-3c38-a935-0a08fc511456
a_guy,0e4af5b2-42d2-30d4-8056-7991e756b0e9
abstractjaxon,9a391875-82b2-303b-b57d-672638c23bde
ace,364bba98-b86d-3f97-bc1f-6254fde7698a
adeez,f501f96d-bbca-3504-be3d-29be0d826ee1
adolf_hitler,d11cdbcd-6622-388a-b22c-f050338c0b8c
adolf_hitler____,b4d42b0a-8efa-3b48-93e1-1698c0a537db
aengie,aa699ee4-a1e6-3acb-bb84-28c79740e427
ahhellnahwtfman,f98ca96b-1084-321c-ae03-3f2f5d003308
ahhellnahwtfmanw,898da623-53c2-3cee-b672-936afbf0ae3a
aki,79fa18b2-eafa-3e8f-9cc9-868c585da342
alejandro,cb24a778-38ba-3fa0-b6d4-a953f6909be3
alex_pigs_god,e94cd9e3-a5f2-3ea8-b856-3ea0a1d08938
alexandra_star,6ea053f6-8b41-3692-8221-7fcd5d230fe0
alian_og,30e854e0-0d62-3401-8263-6d419faf1dab
alwaysright,591c3c3a-c08e-34b3-9ab0-180527ec4b6f
amongus,46724d74-1953-305e-b375-b42cd8d1fe7d
amongusbooty,80023854-b9b1-3b71-81ae-44b0c5a6a935
andrew,e3b5e958-66d0-3326-b46f-86f10441d740
andy,e89ebd72-61f6-3384-bbba-f8256df5f034
andy__,ac4b7a15-755b-32a6-8cea-d506f2bff4ac
annabel,dffa0239-1ac3-30f1-a448-0d7c2d812356
b3t4_f0x,23137f6b-c4e2-312f-9c66-91632f6b5677
baap_,dcce3a5f-48fc-33f1-bbf1-d68bbcbe5340
bananbread,c5468041-28fe-360f-97aa-1aef38ac4f60
bedmaster,a0d48c64-655c-3f91-a1cd-85d5b2ff0ce4
bendy,9f0dae04-c514-3636-a301-ecc550dde6a0
beniscool2,052ec80d-a8ed-3cf2-af54-60fd3d2f8235
benjamin,af0db490-0a7f-32a3-9e26-67f828c12a91
benjaminseats,4ff68b1a-0d6a-343b-8205-52f7564be570
bible,f0fd24b9-6b68-3df1-b86f-7536a6f172e8
bible1,e5592428-6271-3033-b18f-bfcf24196b08
big_black_nigg,4fb12e3c-aa84-3538-8887-edfe62aa03ba
big_d,a0ff660a-26fd-3101-adfe-3b8e768bcf82
big_dickkkk,3a392d24-e5f3-3baa-9277-8b13cd29afdd
big_linda,8139fe3d-9d53-3ea7-8ddc-8e0b24ca12dd
big_vagina,4a80ec53-5584-3481-b298-ccf4a91a66d9
biggdaddyyyyyyyy,e1b2ec4d-08cf-3bbd-8f9e-ef5c38ff1a33
bijju089,ab0fb946-c4be-3ec9-a0a4-b0e3beaad8a3
black_man,06b53ab4-1f7b-3638-8e1c-7021234c2542
bladay,2d5814bc-b4d6-3f8b-8361-d034ac5efb83
blade_smash,005ca0e9-8f84-352b-8b41-8465de829dd3
blain_13,f8b05ffb-da35-334f-87c6-88820a884dba
bobby12,6f68ba7f-d941-34f1-bf1b-5b88c4de5071
bobliu,c76d1cf1-6b15-30cc-9dc7-33743d0238c7
bubbachubb360,f4c300b8-a79d-3699-8d09-cfb862eb6154
buildhydro50,1cd12184-e990-374c-ade6-f29113d590cc
buildslimelp,370e0a54-54f7-3ca7-a8fd-85ca9f52a4e8
bundrakush,dff8833f-4ca3-3e37-b577-48ee7b74cb87
chax,5013e3f5-1a52-368f-9d84-ed3df84c0c85
ckalaiya,47771499-1c44-342e-b659-0681bb9c2e93
cold,c64b4e7a-f966-3eee-bc07-6427d16d455c
commander_red,ee9b427d-f2b1-3ace-8e38-a1ef41bfa982
coolbro001,19da5353-13b7-3431-80bd-18cca0ac0974
coolmanxd_555,4e23e56f-0211-380a-8332-dcc0f5a49f92
cosmichaste,96438151-3ef5-32fa-9bcf-527d5542c53a
craftbuild11,765192eb-91d6-3fb2-ba8e-f5ff66de52e8
craftelderlp,55f4baeb-b03e-32e9-a41a-ed061ccc8149
crafthellolp,5aff3e44-830b-3163-bb23-5ce43d2ced03
crazycraft99,19ec27ab-6a62-3857-a30d-16c6f9141264
crazyelderyt,81196c76-b4a9-36f8-87ba-7aaebfafedbb
creeps,e75ee083-b7da-34e8-b3ce-efe954846166
dadd44,8ef06b55-60d7-353b-9e40-ddd88d93ab79
daddy44,bbce864e-811f-3635-ade4-048adf31c1e6
darkwater,1d88578d-9005-31f7-ab37-90dfa36e65d8
darverdarver288d,c25d7408-4229-3481-abd5-f773d469d3cd
darverdeev583,4d84c92f-ac05-373a-8c14-bfa94fab7175
darvervigg959,ac00c736-b520-30f4-8af4-9fbe43175e2a
darvervool956,5d3703c7-2da1-3459-a53d-8f7684407dc7
darveryigg326___,4308d522-c9b0-34f2-933f-cd3f8069fbf8
darvlereagl542,2e7f9af0-b16e-3518-a30e-cb022f116d15
darvlereagler597,7b9a0fb2-24d2-3b6f-8673-018b5efcd671
darvlereagler622,87dd3643-7155-3e4f-ab0d-c479bf01e8c5
darvlervigg804,1ae3f063-6e0b-31d9-ae84-50b5f18667bd
darvleryee582,7ecda969-40b3-3582-8d1b-01d97f917e31
darvleryee619,c1bc1ecd-a666-375c-bbae-1ab518a4f274
darvleryee694,e0792453-2c64-383f-bf2e-7be71dafabbd
darvleryeeish698,d6b60551-7660-3906-a11a-f234060375c9
darvleryeeler310,e5e73a53-dcf9-3176-b115-43e8deaba9be
darvleryeer336,7198f85f-128c-3efa-b34a-6659025f45d9
dayday_skin,c74cdaa8-e5b2-3ba1-8797-f74f728564db
daydaydoodooman,445bd56b-cfae-39bb-ac94-332a9e813bb7
death_of_pig,faabe812-0e74-326f-8918-ef3b9801929b
deevdarvler810,eb253534-5eba-3f8f-9d51-6104a05a01f7
deevdeev596,d0f08256-4a28-36a1-bb37-ab9fad36414d
deevyee923,ee5be33c-a064-3e17-a014-e147637b5974
deevyeeg330,eecc43b5-37da-3534-a438-16d102873b41
deevyeer106,4d929182-0372-3d37-a1d2-1a29eeae0333
deevyeer490,d8ca93bd-74d4-306d-a622-47115f7fe1e3
deez_nutz,6e53d361-47fc-3ab3-9778-1b1fcb4c48bc
demarisre123,eafe959b-1a4c-3bd7-aa95-897dd47cc021
digbargayraps111,e71e7cca-2e70-3480-b31f-959ad2342d0e
doomguy,2eca3462-4d2b-31d1-b388-050f75620f3c
dopdopyesyes,4de18b85-1aa3-3dd5-a6df-afcf8fc9b1a0
dragondrape,bf9dbd0e-08cf-3718-98ce-fcb13437f37d
dream,e6135a83-d680-39d6-b4be-65a3d8bb97ad
duck_network,84c07810-9402-3685-897d-d09ad171561f
dumbnothing,2581d3d1-92bb-349b-aff5-7637743d2ab8
dylan69,7a779d8c-34c7-3767-bdbb-a06c7a07f54e
e__,0db4de83-76b2-31ba-91db-bb7d00761c43
eagldarvler216,ece39604-259c-30b7-a19b-472f5b47eae0
eagleagl731__,240a065c-0e57-3374-8565-66244db1e675
eagleagl731_wwww,4cffc6e1-2f89-3552-ba28-102043139028
eagleagler499,98afff88-e230-3df4-8bcd-da57efdb2b8f
eaglerdarver341,62c3108d-802c-3942-ad3c-1a7bd069fd9c
eaglereagl830,b2836fad-5bd7-31d4-9317-4d91b60d337a
eagleryee736,3147943a-09dc-32bc-95ed-1daa7fc6ab4c
eagleryee736gfgh,b7c58257-be41-3fbf-82ca-4172d402e891
eagleryeeish779l,bd55fd0e-b3a1-3c0a-ad95-025ebffc6642
eagleryigg481,d582ce20-806f-3df2-b1ec-e79f9c82d1ee
eaglyeeg797,bb34ba34-ea20-3927-8730-0a0364263bbb
ehan1987,68029d4a-85fd-334b-9569-e2bc27cdbc09
elderkills69,826300d5-7154-3b45-8f24-789f35e05b2c
elderslimexd,0b27eb81-47a8-3997-a6fd-773be5863313
erik,32df6013-0389-3020-921e-2befe6e6f86a
evan,20b3b145-97fd-3adf-8250-f2dba04e890e
everyoppshot,fbc88bbf-3d54-328a-88be-36d2d5cf90ab
everyoppshot___,2060710c-5819-303d-b457-1f190457354e
everyoppshot____,ae60698a-e3a8-3b67-a71c-b45c7c26553c
exnogamer57,2dc23f89-9be3-3bae-8416-4b5d1a8c459a
faketek,7c9af6d3-5b8d-3e5f-8040-3fed85b0dfbd
fellow,20d5802a-27b3-39ea-bf38-e9f3f29a7846
fishboi,2a7b4aa4-3ea9-3303-8714-6b25e7e7f9fd
flameblade,b5a4fa5e-b900-38f7-bf62-e42db5671f3d
fortnite123,738cb80f-43a2-3a6e-9986-43394f57ff2e
gameselder99,d2a3d179-7b18-35cc-bec5-2d193c7ac8e3
gameshydrayt,d3887d52-9ba1-3075-b621-1b6fc873a5ab
gameshyper11,c41a5e87-90d9-386c-b781-23870a20daa5
gameskills11,51bd8705-6222-3633-9bfc-43515ad79248
gameskillsyt,643c7201-439c-3826-a704-64e7c4273460
gamesnitroyt,ad65c661-424f-375a-a892-63198869b855
gary,9eb4b152-032f-3e71-ba43-7c1f8bb46e03
gay_striper69,abe4e5ae-64d1-3619-bfee-ce36074b67c9
god,8bf789df-7997-3207-b714-0bec889cc390
god_kervens,ab570855-4279-364b-8d14-7b65ceebffb2
god_slayer,e61db341-6ef0-36f8-9121-f7029abd7a7c
goku7777,529e1749-db8c-3489-8946-e7543f6a27d2
gokuleandrocapo,e08e095f-50ac-391c-8952-3f97883a55b6
gravelll2512,ccfbe6b1-843f-39f1-9687-c666b751da64
handylizard,285e14de-ba73-3d6c-af53-8f81107bbebe
harpooter,1d668ce1-4bc4-3a7a-8698-5ec6c3524a7b
harry,ee101237-f545-35a7-95fb-126e95707900
hello,409b3b94-5d56-38e8-8d5b-72f4cbbe1263
hellocraftlp,20346f53-df45-37a2-8e39-7082220ab635
hellocraftyt,d0c0de85-6b56-3098-a0e7-3bd11b074966
hellonitroyt,b21de4b7-df7a-37b3-808c-46180e8b07de
helloplayslp,6f136083-2ceb-3ec0-8bb7-9546a02281f8
helltekky,9cd3b7b1-88b7-39f2-a336-923f12409612
herobrine,25966168-dc9c-360c-8f32-ed022bfa1070
hihi,69f783d0-18cc-390b-9846-ff38e1138de6
hitler,df347f3c-312a-355e-b231-cf3ad2a6b185
hope,27c4b767-76fe-38ef-85e5-458abed763e5
hotdog,a1909ee9-2884-3719-a8d3-c26f6fe6dab1
huh_yunjin,29dd567e-0b35-30b4-ae08-ba49a15b7e2b
huh_yunjin11,ed4debcd-6c05-3ce5-9996-ac151a43c378
huntmoose368,b1d9ed32-216d-32eb-b557-a648e6d9f725
hydrahelloyt,7d729b5b-f12e-3f11-a0f4-72bc120782e8
hydrakillslp,57a23d63-76d3-3f94-b4fc-ecccd6dcb031
hydranitro11,cb0b3012-b9c3-3367-abb3-80f90cd9d129
hydratower69,94a8f1fd-6c7f-3569-9bae-51b03fb31210
hydrobeachhd,47044ad6-e497-3b09-b1fe-aea00e57052c
hydrogames69,b6cfa0c2-d30b-3490-ac37-0483f76227aa
hydrowormsyt,05c65518-21d1-38e4-a11e-4d76ecfc3345
hypercrazylp,2ae5da86-e2f6-36c6-81cb-c33c2e469217
hypergamesyt,3b8a1216-ccbd-3489-ab2c-2419863d9643
i_love_conner,340a5eaa-5525-3a6c-a43b-c0e7d5b20976
iam9,16ffdd5c-80da-36c7-8afc-467a7b4eb813
iamblack,a44d7b28-7108-3efe-9092-dd11d3760d68
idk_tbh,a9180aab-4c1f-3a4f-9594-6d544ceb71f2
idoooo,15f1a869-0c03-3c17-bbf0-8ae33d342bb8
iheartjae,bba9cbb2-d61e-306e-b834-50e1c705b263
imab0t,bbdfa51c-9ae4-3305-b5b8-b95a9d531348
imjustbetter,9bdef011-b28a-30d2-b2ee-9d584f92967a
infinite,f1fa21df-dfe8-3c0a-bb18-9399997cf607
infinite7865,e9ba28cb-389f-3801-a47c-e142237d34b4
isaaccepeda09,6960872d-591d-3b11-b882-eb0d3c564be1
itz_subs,d6a09794-43aa-35ca-8403-6cc1f4a5301c
j_m,bc24c37a-8e6c-38a7-b7da-f2a68d42994d
jaxxy,8637abfd-6ef1-39ec-9bc5-397accb11c73
jenka,639d6503-cf2e-37ed-be3b-4041b4b8685c
jenka1,5ab87431-a5b1-3c3a-b9be-c10b1decbbe8
jib,23224ec8-4403-3cf6-98d7-19a685d1b7e8
jibv,cf460188-b3f0-3688-bbec-b84e101bcf4f
jimmy10jams,2668f3d0-4cbd-33ff-bea5-4e6a71c1fdaa
jonx,b65c530d-e0e0-3d20-acb4-86edc6ef07ad
josephpro7777,ef9d1fbe-6ee5-30ea-96f8-ee8fbfe58b1e
k__,bbe3f249-95a4-3157-ad90-8a16b5cd18b3
kaeden_flo,db8c5011-8fb3-3843-bd32-ee0c282d5cb3
karam,1cce5b66-50b1-39c7-9e9d-b9159535f62a
kaseyben,a45520c9-7697-35c8-a5af-03a170438d76
kazuto_kirigaya,e8a49ed0-9273-3cbf-affa-69f9a1fcfc99
kennedi,37fa1738-2387-3cce-b56e-bc31bacb1d0e
kevtheking2456,a826915e-3069-3622-8ba2-ce44cd3565e1
killskills50,4d43e8d4-f4a1-3f72-ab8b-ce99046e0e1e
kisson2009,c7e27dcb-bc12-3132-a8d4-1df78d99b0aa
kobe,4bd2c15a-f514-3a82-a1c4-36434fc5e060
kriden,ff55281f-5f02-3d23-b135-2e5f27e489cc
kris,47e7f328-99b1-3705-9064-7cf50f938ad7
kwrze,3a24cdfe-7394-3684-80ee-05231546946a
kwyle,1bc51477-7f5d-3fec-a258-4f397adabf95
leafy14,ac5273f4-20c6-3ae1-9905-77dd78081755
leomessi,e3a2673a-1bd1-37ee-8ecb-5a8ffd15ae6b
lo_38bxby,8ada8fa7-c8a4-30b0-bfa6-587aa2fb1fad
lobro_onperks,2cde6d1f-f5ea-341c-81fe-93c726d0d0d2
lord,a062cb06-bc4e-3eeb-8f8c-34e35aa70065
lucasboy600,68931ab0-d0c5-3cf1-b88b-355448949af6
luck_,358d9deb-8918-32e8-a7d0-3928bc62dab5
marquise_56a,3f6d483a-21e0-3d89-ad30-4408faf5c08f
master101,31bf8ed2-c0b1-37e5-869b-1d4baec08093
melvin,bee84f3b-c8d5-3633-8c9a-96de2cfeb060
mending,d1159101-61fa-335d-a7f5-d3308446144b
miguel_the_papi,c6abc71b-355b-34e2-8cd1-fc40ee33f9e2
miguel_the_papi_,99bc5572-a381-34f2-80e6-6c381f01007a
mm_,b15d5bb7-3cf5-3cbb-aa4a-2d5d6e1d6758
mm__,f9826167-a2bf-3328-9fec-0cef478dd1ac
mocha_latte,1e6247e1-5d0c-3e52-a9e3-2c0df675bdf5
mochi,01bd0752-b5a4-34ce-9f9e-97b135904fcb
monkeyboy,5737e87d-692a-3723-b6a2-cc4d56c01c4d
mooshroom,cdf21572-3622-3e15-9cf9-753bd233df52
mr_dude,216806c7-d57b-3312-83c4-f0fc93147268
murderdrones360,0b4221e9-a6ae-3628-b4b8-64ced91e2567
n_gger,efc1ba20-c364-3e1b-a0ea-60511fefa1aa
namtab,ba2b4fe1-b7f7-3254-83a0-6ff7eaf825ac
nig_sup_b1tch,c1e634a7-44b7-34ee-8bc5-2cd07338000a
nigbaer,b5877d50-1618-328e-8e43-20b1e2087375
niggaa,fa3e1da2-c79b-3782-b6ba-3bcfe4b1ecc6
noah,bff70a68-34bb-344d-8fd4-95a871d21597
noob_gamer,a6f9c62a-e190-3efd-af90-e35cfb3b886e
notch,b50ad385-829d-3141-a216-7e7d7539ba7f
notjovanigt,9187ec3a-f3b4-3b42-938c-dd712f73975a
null,90c0c1fe-a180-3a77-9073-3c6b21f0ccfb
odawg021,9155b38a-aa85-396f-9da4-b4ee2ab016f8
official_karmatv,e3f66b1b-06d1-301a-92d9-117f67bb9a71
ogression_,5d552823-df48-37d7-bdb2-e781008a6360
oil,a0aabf62-9c40-3adc-a538-d58128216944
only_king,15b9a1cd-90a0-3b61-8d12-1ed2235b958c
onqwe,d52b6bec-20ca-3804-a514-31a30b21145f
orange_dude,4b97f31f-c75f-32e4-a130-981bf9a763e7
oxlyjxvxri,c1d666d9-fb65-3073-9933-0571ac44e02a
p__,e1b011db-9d6e-3dfd-9dee-998a103dc971
p__ggghgghhgghgh,e33bd06a-79d2-3eb7-ae4e-1467be26162e
papikevin,753c027a-a576-3bed-8495-b91b85d90bc9
phantomcrow,e6e09afe-3112-3b65-9ace-cdb443393117
phart,9682c27a-d386-3d5b-96d7-b3573f76b0a3
piggybeast,9df83cd6-16a4-3aa8-a1b5-b30c293a0f6d
playshyperxd,0a1ac25e-3677-3760-9b83-71dec561d4d9
playsslime99,a241f95b-9b79-3f0a-a135-6e9224d8f8d5
poop,a336f106-25a0-3d70-84e5-1c3bbcbab277
porn_hub,0c4e8d26-4881-3cfd-96f8-bbc07f1f0b11
ppman_xxxvid,7ceeb3f3-7f6b-33bf-bb22-67c76c420ceb
ppman_xxxvids,cc201615-26c5-329b-aa15-9b0be044b940
ppppppplol,6bddb3d0-7cae-326a-8618-7781bca9cf93
princezam,43adedbd-e499-37e9-aa87-0d5ba7b43e80
proxy,be60288f-d1f4-3382-9a13-8bf200315e8d
puro,618a7d33-acb1-38f4-bde4-2d74136e7881
rahim,db4d603b-5efd-329e-a647-10b72329d1b6
road,af9ce057-70b8-37a9-9182-c2e309ea0529
ryan_r,1fa612e7-913c-3770-9cab-cf20173fa7a2
saltychip,da697206-7b1d-30a9-9a8b-6ec3131c6a8a
sdf,382db6fd-d883-3647-b089-56368ccccf31
sergio,0c5c5761-86cc-34fc-8d28-15dc24144a9e
sethgaming,c9e1fefc-024d-3585-b7fc-043219aa2b7f
silentz90_el_pro,df0943f5-def2-3c2b-9c43-1fca740c2164
silver,327c8326-08f2-3866-80d0-f5f3ad837fc3
slimeelder11,2454d9fa-527c-3c2e-85b2-59ef8b0680e1
slimeelder69,025b5d2a-25af-3f68-8daa-5933580f1c70
slimenitro69,34732bfe-55f9-3110-9f79-b3443b32c3fe
smartnotsmartsma,9620515f-1b50-3aae-b96d-e1f282db8d6c
smeggy_grandpa,e90285d0-1425-3582-94d6-201adbb79212
soccerboi_tanner,2d65a480-a7f2-38fd-9a58-f413f03f3ba5
solanuscasey,89a1c5bb-718e-3d1f-8822-644736d19e01
solanuscasey_alt,dbc5a13f-71aa-3083-a316-386b7a3c9bbb
soulstriker,091678be-c997-3dea-ba70-6622e93ba436
spikey,42054180-d197-321a-8179-e342cdaa3013
steve_the_goat,69338586-d9b4-345e-8ae1-6f844fce17ff
suck_it_,f803b96d-7b4b-3085-8b86-6b11bb50894d
supertowerlp,6d762be9-646e-3559-a764-70dc3624520f
suppy,309faaac-cd35-36ef-bd76-f01d769a2a1a
sushi,e6524a3b-3ccc-3028-bc34-462dca06fa70
swaggy,b4045dcd-bdd5-3e33-bed7-5c6462f1af31
swaggy123,13da7ed1-5a0b-30c1-9c63-f5063d891d38
swaggy2323,52f18eec-96a9-38ea-9dc1-00e0fda611c0
sword,5eac70a8-0bdb-3b55-8ce9-69fccfd3fcc9
thatguy,2f7c8061-d769-3964-895a-16c0bc8c0a11
themasterbaiter,b8d96fe2-322f-3ab1-b3f4-5c6a2cd44d65
theotter101,a025da4c-f31d-36e1-9413-8963fc37927c
these_nuts,5e30bced-985d-3269-afd2-7ed86110c2df
these_nuts___,8a54da37-0f41-38e1-a87f-11ab8f390ad0
these_nuts____,89f3915b-ad8e-33c7-a909-50cf0036e76b
these_nuts_____v,c0c773a5-ae29-342b-a227-27d4d49c1f8d
thunderstorz,f5122f25-6890-3189-9793-d41ea06a7657
timmm,84f4e282-f2f8-3c39-9644-5d12188c4269
timmmmmm,9271b707-e699-3856-bd06-38614a37bc0d
timplin,1e2d6d10-1b14-304e-a2f7-5ea0ebf0b6fb
tinners,f43e38d7-8d30-3b88-aaf0-119c6136d61a
tomar_the_horibl,023149fd-8014-3a8a-ab5e-033d9ebf1805
towerplayslp,8425ec8f-bda5-3e44-8b8d-26c2436dc0f5
towersuper99,05a25686-22ee-39b0-8d1d-68bfa72d506e
trom_08,a94dabce-33ff-3ae1-90c1-e9903e641112
ttrapgod69rehan,36ad5fac-c7f8-3978-b584-59f46cd37188
ttrapgod_rehan,45a48508-d554-3089-a670-04e45f909d87
ttrapgod_rehan69,b129f9ae-31eb-350d-8e42-b9d85be1ee4b
uhhhhh_your_mom,80214898-15da-3a17-9787-a2642416be2d
username,f38ec96d-fbff-3863-b90b-f733d3ba6d66
vegetta777,a686e2cc-2aad-381c-bddd-3a5114bd9861
vent,d43ab2c7-0202-3b6d-a15a-a8ad8d47f765
vici,b6097481-3483-39e5-846c-aaa667c35c07
viggdarvler499,9de92d0c-7703-3187-b461-9e69c9106b15
viggdarvler523,5c0d4e95-2591-306c-abca-2489dc33bc84
viggdeev412,4ca60c1f-df5f-3e6a-9a19-5fd6932bfa81
viggdeev465,81716e8f-0ff7-38ef-b32b-7b396673d7fd
viggvigg910,01a51056-eaeb-3447-be06-3e660e71b7f4
viggvool684,a6194717-e0ce-350e-b5b1-277eecae021b
viggyee995,7586de0e-6819-3370-b43c-d0634f781e74
viggyee99521,4bb132bf-f11b-3fc6-91d1-bde78d9a7278
viggyeeler628,8bf3837f-b68f-388e-9497-aa5eb289a5be
viggyigg346,661c1a92-0a8f-3a2b-b2fc-5ea8807ae0f9
viggyigg894,a896ce41-ba76-3112-9116-7a4df9088e98
vison,c0ef0add-bcd2-3e83-8380-7d95ba698f7e
vison1,eea845bb-85f1-343b-b78b-4a12428c0183
vison_,c3e51527-4c50-36ae-8129-f05e1ee985af
vmarco,6604deb0-34ab-3e98-9b15-2342f4302ed4
void,0dc7e8d8-8d56-3abf-b36c-0cde61e99b7b
vooldeev158,b6e2b9fe-7fec-321e-a179-169aae4fab8f
vooldeev551,a313849f-7615-363a-a992-65f99269a96a
vooleagl79__,6579ff2d-c7d2-355a-8876-dbfb83023e6c
vooleagl79__1,c39bf100-5703-3052-94a0-6928464a8e51
vooleagler598,d26ca087-0a25-3435-8ae0-5789a1af1a8f
voolvigg473,93b2c03c-fee9-3e03-ae69-2a4fef40aa99
voolvigg796,cf473483-4104-3e85-aacd-18d2a1cd583c
voolvigg987,9dc9e266-cb1d-39d8-a57c-002d76fc8575
voolyee397,ee75e914-602f-3700-93bc-f9eb3ebce8bf
voolyeeler955,d7b5747b-e0ec-36c8-9284-310b87e08d4e
w_rizz,75137952-f36c-3cbd-b301-0d3506bad762
wefuweyweryieur,6fab63b6-76c2-3ca0-873b-069afe4c30a9
whatsme,34ca568c-5a52-3b68-af21-c557f7aebeed
why,76c81825-3509-33e6-adc8-0c216b6a36f7
why_am_i_alive,867cbee7-df5d-3aa1-b647-5d757d65397b
wormsnitro69,cce5dd4f-da84-3915-9d4d-2801c46ee8a6
wutdis,1a3c08a5-9360-3eb8-ade6-d1c23a75d4b8
wyatt,b9ed0d7d-2b11-32f7-8c6c-fd06c65883d9
xen,99417370-7c17-39ad-92f4-2d890ddeedee
xioling_,4adacdbe-fafb-3762-a557-08597716e25e
xioling__,8427779d-df1c-3c42-b28f-5c3571e13912
xlilronax,9234c726-7f76-31f3-81bd-b77982371f66
y33t3rsk33t3r1,23f5076c-da23-37a4-8a47-9652e12888a6
yeedarver530,b929b4e1-fbeb-39bb-b35a-1809c48e53d0
yeedarver989,15dc7d1e-c25f-318e-a7a8-f2e02f8f3ee8
yeedarvler558,f823cbe8-5f8d-3d8b-a264-202dff174758
yeeeagler722,221cd3ef-3d54-3705-af69-5cbb1e8c3156
yeeeee,46d8d73f-16c8-3d64-9fe2-00c8b744bd94
yeegdarver613,3953f8ff-444b-32df-b34e-9feb10648af4
yeegdarver647,099d762a-4819-34dd-89b2-58e434ed913e
yeegvool499,865ad8cc-4532-3d82-9a9d-8e7f2d0f704e
yeegyee545,07b0bad8-a948-34a6-85e4-d386c7288d15
yeegyee935,499e7906-6cb6-3289-8828-647818898c80
yeegyeer378qq,c2899a3f-c2a5-3fd9-8a0d-0edd07c9fceb
yeegyigg470,01943c88-c21f-3863-ba93-4f11fe1796b7
yeeish567,b888d319-57d3-37f6-b5f8-f2cd0b86aa2b
yeeishdarver222,98207b8e-b8aa-358f-b628-d19d3db577b4
yeeishdarvler860,dc8d3b86-1246-3714-af04-82453d2674f0
yeeishdeev40590,4c2b5123-ef70-33bb-89c5-e6daff71459a
yeeisheagl826,95be3387-e097-3dd3-a900-0a69a082cad7
yeeisheagl954,6b6e3dca-4597-3348-878d-3f76a0117c03
yeeishvigg394,442fe9fc-04c2-3838-ba26-fb916b7395cb
yeeishvigg741,0c2e736c-79e3-3ede-b397-cf800fc65366
yeeishvool373,3da96711-5e78-395c-bdc0-3fad37de10a0
yeeishyee226,9241412c-7f75-3e74-b61c-9384a6f3ec63
yeeishyeeg752,2e0055d4-1b36-36bf-8e19-97c57f67ab31
yeeishyeeg876,bc3a83d5-08a6-3441-be0a-123b3516a66c
yeeishyeeg876___,1effb193-2b0c-3355-9bc7-51c4f4daba5e
yeeishyeeish405,bf446158-09ce-3d6a-a386-021cdd5dea7a
yeeishyeeish405a,aa10ae71-6a4c-3f8a-8216-9cc9add1f882
yeelerdeev163,c609cae8-523d-3c37-85cd-e5877430c70b
yeelerdeev831,7b0b0260-6eac-3a04-8b2d-8817f921d696
yeelereagl610,42ea2610-9d7c-39cd-b35a-b67abffa65a7
yeelervigg589,965c4c8e-73fa-3c90-8856-9afb9b8dc49c
yeeleryee156,35a16b8c-ab8b-376f-b0ff-f1c8d9be95cd
yeeleryeeish347,1550acb7-4f18-3a33-8ce3-a27a8d75558b
yeeleryeer647,7a7947e3-7461-30f6-9aa5-86dbf4b5e8a4
yeeleryeer782,4f2f5241-745a-328b-bff2-521426e19939
yeervigg945,0b82dfa9-804a-33c8-84c4-6be12909dea5
yeeryeeg754,0e29a27c-69f1-393c-be6c-f40ed3c65546
yeeryeeish558,73e351fb-3d65-36d5-836f-b37dc8d06790
yeeryeer689,f0e85869-a975-30ac-ab0a-6ed9102d75bf
yeeryigg,c31c7e9c-cb1c-3071-af8d-85e4d32728cd
yeevool453,09ae9d7c-34bf-3626-b185-413ecd3bb407
yeeyeeish791_,aebd041b-ca4c-30ee-8f7e-dd8657f9cb1d
yeeyeeish98,aa3ce802-e41e-3cf2-b79a-1f93572a8410
yeeyigg777,ca172e0d-4f58-3400-b98f-5253800fd563
yezus707,39043040-fccc-362f-b3aa-01a7118d1b97
yiggeagl294,4406295b-2f59-3055-8c64-665a5ea07de7
yiggeagler069,d0f9d4ce-8aad-380f-9aec-2903ba344475
yiggvigg213,c88b1de6-259a-3c88-9bf0-6b7d0d509629
yiggyeeler212,9d9bea75-a36a-3ff0-a6a6-8d67a00cfb99
yiggyeer469,6c6d1721-2b91-33f8-b8f1-c400849c1b33
your,af0d2d4f-b3af-3f44-97dc-16fb32a1cb25
your_mom,7c940e1a-a4f0-36a6-85ba-8f7b11b664ee
yoya,d9cb7760-f0ad-3723-ae62-a65236d2968d
zer,3ffa9303-0d0b-37b0-9415-e9ca59ba67ca
